id,card_no,pattern
,152,"[[4,11,13,7,3],[17,19,21,28,29],[41,44,0,37,33],[49,52,54,50,46],[68,70,62,64,72]]"
,153,"[[2,14,3,11,6],[20,23,17,29,21],[37,32,0,36,41],[56,46,57,52,50],[61,70,69,67,63]]"
,154,"[[9,4,14,2,3],[23,16,24,28,17],[32,37,0,43,35],[46,49,59,47,57],[67,61,75,74,63]]"
,155,"[[10,14,9,2,6],[22,26,20,30,16],[31,38,0,44,40],[51,50,58,46,54],[62,61,70,73,64]]"
,156,"[[13,1,7,14,15],[28,16,27,19,24],[38,43,0,39,32],[47,59,49,46,51],[72,61,54,73,69]]"
,157,"[[11,13,1,9,10],[21,25,28,16,26],[40,38,0,44,42],[54,51,55,52,59],[69,64,61,72,70]]"
,158,"[[5,6,9,2,14],[16,25,22,24,17],[33,38,0,34,44],[48,59,46,56,52],[66,75,71,61,68]]"
,159,"[[6,12,5,8,1],[29,23,26,20,28],[42,38,0,41,32],[50,53,60,47,51],[70,67,74,68,64]]"
,160,"[[1,12,9,15,4],[25,18,27,20,24],[35,42,0,33,36],[55,59,49,51,46],[73,62,69,75,66]]"
,161,"[[15,2,14,9,13],[24,25,27,16,20],[39,44,0,40,45],[57,58,47,55,52],[65,72,69,64,75]]"
,162,"[[7,13,8,2,14],[18,20,24,16,26],[34,31,0,37,38],[52,49,60,51,46],[63,74,66,62,72]]"
,163,"[[3,10,4,6,8],[27,22,26,25,19],[44,32,0,41,31],[60,49,56,48,57],[75,61,72,62,68]]"
,164,"[[8,14,4,12,7],[19,21,24,29,16],[45,34,0,33,40],[53,55,46,57,49],[64,70,65,63,71]]"
,165,"[[14,9,11,1,2],[26,19,24,27,16],[36,32,0,37,34],[59,53,49,51,55],[71,67,68,72,63]]"
,166,"[[15,13,10,14,5],[30,25,23,16,21],[37,45,0,42,34],[51,56,52,50,59],[73,68,72,64,70]]"
,167,"[[11,2,4,13,6],[28,21,30,26,29],[43,37,0,44,40],[53,51,54,48,58],[66,61,65,73,72]]"
,168,"[[5,13,4,10,7],[17,23,27,22,18],[45,41,0,35,43],[56,58,54,49,60],[70,73,66,61,74]]"
,169,"[[6,9,13,3,14],[26,25,16,22,28],[31,34,0,45,39],[59,55,52,60,47],[69,62,63,75,66]]"
,170,"[[9,12,5,6,10],[24,17,26,29,22],[33,36,0,41,38],[48,54,49,57,51],[61,75,62,72,71]]"
,171,"[[13,9,2,12,4],[20,29,19,28,16],[36,35,0,40,31],[46,53,56,52,60],[63,64,75,73,68]]"
,172,"[[10,5,13,12,3],[29,27,20,16,22],[38,45,0,31,35],[54,46,50,60,49],[74,66,75,71,65]]"
,173,"[[1,5,4,2,14],[19,25,18,22,27],[42,36,0,45,39],[52,53,49,54,57],[75,69,65,71,64]]"
,174,"[[7,3,1,14,10],[16,30,20,19,29],[32,40,0,38,45],[47,50,48,53,46],[64,75,62,74,68]]"
,175,"[[3,7,13,1,14],[25,26,17,30,29],[39,32,0,42,37],[55,56,50,60,57],[72,68,74,71,62]]"
,176,"[[12,3,7,14,8],[18,17,26,30,23],[41,35,0,40,31],[50,58,46,48,56],[65,63,71,68,61]]"
,177,"[[14,12,8,3,7],[21,19,27,18,24],[35,45,0,40,42],[60,50,52,59,46],[68,64,72,66,73]]"
,178,"[[2,5,9,1,10],[27,30,17,28,23],[34,39,0,36,32],[49,57,46,56,47],[71,75,72,64,70]]"
,179,"[[4,6,11,1,5],[23,22,30,21,28],[44,43,0,37,38],[57,59,48,46,50],[67,72,66,62,68]]"
,180,"[[8,5,13,2,3],[22,27,24,17,28],[40,35,0,32,37],[58,50,55,46,60],[62,65,68,63,74]]"
,181,"[[2,13,4,6,1],[24,28,19,22,26],[40,41,0,36,43],[47,54,52,56,57],[66,73,62,67,74]]"
,182,"[[12,13,4,5,15],[23,27,16,25,18],[45,31,0,39,32],[57,47,51,53,54],[63,61,67,69,64]]"
,183,"[[4,8,14,12,6],[30,29,20,22,17],[43,39,0,36,45],[56,47,48,58,55],[70,63,75,71,62]]"
,184,"[[5,15,8,3,11],[22,18,20,21,23],[36,39,0,45,31],[59,58,50,46,54],[67,64,70,71,66]]"
,185,"[[13,11,8,6,10],[16,20,26,24,28],[44,42,0,35,45],[52,58,55,47,56],[69,68,65,71,75]]"
,186,"[[1,7,8,14,10],[29,24,18,25,19],[38,42,0,33,40],[46,48,50,47,54],[61,69,74,68,65]]"
,187,"[[6,2,5,14,11],[18,22,19,28,29],[39,33,0,38,31],[58,49,48,54,52],[74,64,68,65,61]]"
,188,"[[3,9,11,12,6],[17,26,20,24,27],[32,39,0,41,36],[48,50,53,47,60],[62,66,72,68,69]]"
,189,"[[11,5,2,15,8],[27,28,21,23,18],[33,43,0,35,37],[51,47,52,49,57],[71,69,61,73,66]]"
,190,"[[15,4,12,7,1],[19,28,21,25,20],[41,39,0,34,43],[50,49,53,52,48],[64,67,75,66,73]]"
,191,"[[10,7,4,9,15],[26,29,18,25,20],[34,41,0,45,37],[49,47,58,60,53],[68,75,61,74,71]]"
,192,"[[7,9,15,12,5],[25,19,24,28,22],[35,34,0,31,43],[53,59,52,51,50],[65,74,63,67,70]]"
,193,"[[8,6,1,10,13],[20,24,26,19,30],[31,33,0,39,42],[54,58,57,48,56],[72,66,63,75,70]]"
,194,"[[14,5,13,6,15],[28,25,19,17,22],[37,35,0,44,31],[60,59,54,55,53],[75,71,70,63,74]]"
,195,"[[9,8,5,11,13],[21,22,17,23,30],[42,43,0,37,34],[55,54,58,48,52],[73,63,66,71,74]]"
,196,"[[9,7,15,10,1],[22,30,29,19,25],[45,42,0,36,44],[58,47,51,57,56],[64,61,69,72,62]]"
,197,"[[8,15,3,11,9],[30,19,28,21,26],[44,34,0,36,33],[57,56,60,49,48],[75,66,63,73,67]]"
,198,"[[11,3,12,7,14],[23,19,26,20,29],[43,33,0,38,35],[55,57,53,47,56],[74,73,63,72,69]]"
,199,"[[13,3,6,8,5],[21,18,23,20,29],[37,43,0,33,38],[59,54,57,48,56],[68,65,69,67,63]]"
,200,"[[5,12,4,9,1],[25,16,30,21,23],[34,35,0,40,33],[54,57,47,53,51],[62,71,75,70,67]]"
,201,"[[3,13,8,4,12],[29,25,16,20,24],[39,41,0,36,32],[52,51,46,57,49],[66,69,74,73,63]]"
,202,"[[6,7,3,10,9],[27,16,28,30,22],[38,41,0,45,36],[46,48,53,49,56],[70,65,74,63,69]]"
,203,"[[9,14,4,13,7],[18,25,17,29,20],[36,39,0,44,35],[54,53,46,58,48],[68,72,62,71,61]]"
,204,"[[4,10,8,11,1],[17,21,28,26,18],[45,44,0,37,40],[53,50,54,56,48],[75,67,72,62,69]]"
,205,"[[8,4,11,13,15],[23,30,17,27,22],[33,44,0,32,37],[51,49,53,55,47],[63,68,72,64,74]]"
,206,"[[2,4,8,1,10],[24,29,18,30,23],[44,35,0,43,38],[59,50,46,47,53],[62,75,63,65,73]]"
,207,"[[13,15,1,8,9],[16,17,27,22,25],[37,44,0,41,32],[58,49,51,55,46],[72,62,74,70,66]]"
,208,"[[11,10,15,5,9],[28,22,29,26,19],[32,39,0,33,43],[55,52,46,59,50],[73,64,70,68,66]]"
,209,"[[10,2,3,1,14],[20,19,22,17,25],[41,43,0,39,35],[50,48,52,56,55],[69,66,71,63,61]]"
,210,"[[7,15,9,8,4],[22,29,26,16,19],[35,43,0,45,40],[47,57,53,51,46],[64,69,66,70,61]]"
,211,"[[5,3,15,7,4],[25,27,24,18,28],[34,45,0,31,35],[57,52,46,58,51],[71,65,64,61,75]]"
,212,"[[12,14,1,15,13],[26,18,22,17,25],[40,37,0,44,41],[49,55,48,53,51],[67,74,64,71,65]]"
,213,"[[14,10,1,8,5],[30,19,21,20,23],[42,35,0,39,38],[48,54,60,58,55],[74,69,72,66,63]]"
,214,"[[15,14,10,5,3],[21,28,25,22,18],[43,36,0,32,39],[60,47,59,50,56],[65,70,62,66,74]]"
,215,"[[1,5,13,7,10],[19,29,27,20,26],[31,32,0,40,34],[56,58,49,53,46],[61,74,66,71,63]]"
,216,"[[2,6,7,12,14],[29,26,19,28,22],[42,44,0,40,32],[46,60,54,50,52],[75,68,71,73,65]]"
,217,"[[12,11,8,6,1],[243,28,20,19,25],[35,33,0,41,44],[52,56,60,55,53],[63,71,65,67,69]]"
,218,"[[8,7,2,1,10],[22,17,27,24,29],[36,37,0,42,45],[50,60,53,47,52],[66,70,67,72,64]]"
,219,"[[5,11,3,1,12],[16,24,19,20,27],[33,35,0,39,42],[54,50,60,55,57],[73,74,67,61,72]]"
,220,"[[6,4,8,14,15],[17,27,24,22,16],[34,37,0,33,40],[55,60,58,47,48],[62,72,74,69,61]]"
,221,"[[9,6,1,12,3],[21,20,27,26,17],[37,38,0,36,43],[56,50,60,59,57],[61,67,64,69,72]]"
,222,"[[4,15,3,14,12],[20,17,27,23,28],[32,42,0,35,41],[51,57,56,52,60],[72,69,66,64,68]]"
,223,"[[14,3,7,9,2],[25,17,23,16,26],[39,31,0,33,34],[53,58,46,60,56],[67,70,62,66,72]]"
,224,"[[1,4,7,12,6],[27,17,25,20,19],[40,43,0,31,38],[58,59,47,56,50],[69,71,75,62,67]]"
,225,"[[15,7,3,6,8],[28,24,18,25,16],[44,42,0,45,33],[57,47,59,54,50],[71,68,73,75,69]]"
,226,"[[7,2,1,14,6],[26,28,16,20,30],[41,36,0,34,42],[49,51,50,46,57],[70,71,75,61,73]]"
,227,"[[10,12,14,9,6],[18,19,28,24,23],[43,31,0,40,33],[60,51,55,46,57],[74,75,61,68,71]]"
,228,"[[11,4,1,14,12],[19,16,21,24,30],[31,36,0,42,39],[47,48,60,46,56],[65,73,68,71,64]]"
,229,"[[13,12,3,5,14],[24,20,21,27,19],[45,33,0,32,35],[48,53,47,50,49],[64,73,74,67,75]]"
,230,"[[3,14,6,9,11],[30,22,18,25,27],[38,33,0,31,39],[59,48,53,60,51],[68,74,64,70,69]]"
,231,"[[10,15,11,8,5],[29,18,28,26,21],[40,33,0,42,45],[57,50,60,48,56],[64,71,63,67,74]]"
,232,"[[5,8,10,13,6],[21,24,22,16,29],[45,41,0,36,34],[59,56,54,57,46],[67,62,68,74,61]]"
,233,"[[13,2,7,6,11],[28,23,30,21,24],[32,44,0,34,31],[52,59,53,50,54],[73,65,63,74,69]]"
,234,"[[2,15,3,10,5],[23,18,21,30,26],[38,32,0,37,35],[53,57,51,55,49],[71,70,74,63,67]]"
,235,"[[3,5,7,13,9],[17,23,29,16,20],[31,35,0,41,43],[46,49,58,51,57],[63,64,65,61,75]]"
,236,"[[7,8,10,5,11],[30,28,17,23,29],[33,31,0,38,45],[51,59,46,58,54],[65,61,64,73,67]]"
,237,"[[1,9,15,13,8],[25,19,29,26,21],[43,38,0,35,45],[48,49,52,56,50],[70,72,67,65,66]]"
,238,"[[6,10,1,8,2],[24,28,19,21,25],[42,41,0,33,37],[47,48,58,55,49],[69,65,70,74,68]]"
,239,"[[9,11,10,5,2],[27,21,26,18,23],[41,31,0,44,38],[55,54,51,60,53],[62,61,68,64,74]]"
,240,"[[12,5,4,2,9],[18,30,26,21,25],[36,31,0,34,43],[50,57,49,59,46],[61,68,75,66,62]]"
,241,"[[71,65,69,62,66],[47,46,52,55,56],[42,38,0,31,35],[29,23,26,22,16],[13,15,11,6,14]]"
,242,"[[8,15,6,9,12],[20,26,29,21,23],[34,44,0,43,38],[49,50,52,59,56],[72,63,61,68,65]]"
,243,"[[15,9,13,11,4],[22,25,20,17,18],[39,35,0,45,42],[54,59,57,47,51],[74,65,72,62,68]]"
,244,"[[4,6,15,13,8],[19,18,23,28,25],[44,37,0,32,36],[58,52,49,48,53],[68,63,70,65,73]]"
,245,"[[11,8,12,3,13],[26,30,27,18,21],[37,33,0,40,35],[60,58,56,49,52],[75,61,74,66,63]]"
,246,"[[6,5,13,12,11],[25,30,22,20,16],[35,39,0,32,37],[52,48,54,58,47],[68,67,66,75,64]]"
,247,"[[13,4,12,10,3],[23,16,29,24,20],[45,42,0,43,31],[59,52,49,58,55],[67,75,73,63,69]]"
,248,"[[9,8,4,15,11],[28,20,25,17,27],[32,36,0,40,45],[51,48,50,54,53],[75,72,64,61,70]]"
,249,"[[15,12,1,9,2],[30,21,26,16,24],[38,40,0,34,31],[57,49,55,47,53],[66,72,61,75,68]]"
,250,"[[1,2,11,14,3],[16,28,21,30,18],[34,42,0,36,41],[55,49,57,56,59],[72,73,67,75,71]]"
